{"cameraMode":{"drawMode":0,"name":"Shaded","section":"Shading Mode"},"sceneLighting":false,"audioPlay":false,"sceneViewState":{"showFog":false,"showMaterialUpdate":false,"showSkybox":false,"showFlares":false,"showImageEffects":false,"showParticleSystems":true},"in2DMode":false,"pivot":{"x":-0.21357035636901856,"y":0.7164998054504395,"z":-2.3959999084472658},"rotation":{"x":-0.07185129821300507,"y":0.7048953175544739,"z":-0.07214897125959397,"w":-0.701964795589447},"size":10.169075012207032,"orthographic":false}