{"cameraMode":{"drawMode":0,"name":"Shaded","section":"Shading Mode"},"sceneLighting":true,"audioPlay":false,"sceneViewState":{"showFog":false,"showMaterialUpdate":false,"showSkybox":false,"showFlares":false,"showImageEffects":false,"showParticleSystems":true},"in2DMode":false,"pivot":{"x":-1.0107319355010987,"y":4.818613529205322,"z":3.054033041000366},"rotation":{"x":-0.09732908010482788,"y":0.018207287415862085,"z":-0.0017809357959777117,"w":-0.9950841665267944},"size":29.451805114746095,"orthographic":false}